Date,Sales
2020-01-01,12.483570765056164
2020-01-02,9.508209315976396
2020-01-03,13.637453327278866
2020-01-04,18.213537735094583
2020-01-05,9.62684643550241
2020-01-06,9.825949503998423
2020-01-07,19.09146461365514
2020-01-08,15.23103491667588
2020-01-09,9.244593873649668
2020-01-10,14.502463767038387
2020-01-11,9.669815580492191
2020-01-12,9.854988193594856
2020-01-13,13.589623479804034
2020-01-14,3.0089782903143085
2020-01-15,4.145700141329954
2020-01-16,10.153054209066596
2020-01-17,8.093782138052497
2020-01-18,14.921814416439993
2020-01-19,9.002242553888342
2020-01-20,6.671726055452665
2020-01-21,21.251418046028355
2020-01-22,12.983222185084461
2020-01-23,14.637626178373749
2020-01-24,7.3630301176701565
2020-01-25,11.950500516009157
2020-01-26,15.411480481521814
2020-01-27,9.285116805516084
2020-01-28,17.100509536529728
2020-01-29,12.399432547105715
2020-01-30,14.123390200136706
2020-01-31,12.751140248671966
2020-02-01,25.197415429558884
2020-02-02,16.043382278732956
2020-02-03,10.99560665964459
2020-02-04,20.568584541507207
2020-02-05,10.521703422645103
2020-02-06,17.8386220794248
2020-02-07,7.162614880345739
2020-02-08,10.484934347070066
2020-02-09,18.273266814439225
2020-02-10,21.14254631983773
2020-02-11,18.46642468753254
2020-02-12,17.18878970198843
2020-02-13,16.41699990216383
2020-02-14,10.683397172454328
2020-02-15,14.628238940871697
2020-02-16,16.073646340621547
2020-02-17,23.80972274693041
2020-02-18,20.387330170632847
2020-02-19,9.996985853576541
2020-02-20,20.573340945458227
2020-02-21,17.165997140730397
2020-02-22,15.843006043424538
2020-02-23,22.41989280629266
2020-02-24,24.64806054902104
2020-02-25,24.278640500723096
2020-02-26,15.552924492253414
2020-02-27,18.327288220018445
2020-02-28,21.651542309253013
2020-02-29,24.992334907051458
2020-03-01,17.835604009969934
2020-03-02,19.417501540689212
2020-03-03,14.92587231839859
2020-03-04,14.585669376290557
2020-03-05,24.735867234100724
2020-03-06,27.558330757184766
2020-03-07,20.51830669820688
2020-03-08,25.99456080966962
2020-03-09,22.880906701034654
2020-03-10,17.940229021670458
2020-03-11,23.063158534949405
2020-03-12,29.033948891200854
2020-03-13,21.249436418447697
2020-03-14,29.333783442021566
2020-03-15,8.491020005744305
2020-03-16,25.775604881147075
2020-03-17,22.174826498561323
2020-03-18,20.31519150728162
2020-03-19,22.33679473577158
2020-03-20,12.005022403695937
2020-03-21,20.90648608544634
2020-03-22,23.849479107271435
2020-03-23,29.509539990113197
2020-03-24,19.58194646224502
2020-03-25,18.181123942727083
2020-03-26,19.76216097430451
2020-03-27,26.892364933543803
2020-03-28,24.000566923215594
2020-03-29,19.74651209683004
2020-03-30,24.997193442347175
2020-03-31,22.948826191196645
2020-04-01,27.336283034957855
2020-04-02,19.009449062366095
2020-04-03,20.905097279364185
2020-04-04,20.603598855942973
2020-04-05,15.264336594020726
2020-04-06,24.077327389165955
2020-04-07,23.913863718481764
2020-04-08,22.643067282735764
2020-04-09,21.4505337401821
2020-04-10,15.549648219468597
2020-04-11,20.523378173482744
2020-04-12,20.91021348511118
2020-04-13,18.606668378565985
2020-04-14,21.80299201648679
2020-04-15,24.618148579130427
2020-04-16,32.01441692533439
2020-04-17,23.439101399115753
2020-04-18,23.833834233075827
2020-04-19,22.150881757336634
2020-04-20,12.903458353763497
2020-04-21,22.33613794706908
2020-04-22,22.738457663344377
2020-04-23,34.719340283765135
2020-04-24,21.404390069258195
2020-04-25,23.834257903768847
2020-04-26,22.11056964419677
2020-04-27,16.39564728720398
2020-04-28,27.90538369225296
2020-04-29,25.90051236233154
2020-04-30,26.0429530078273
2020-05-01,17.48519440627021
2020-05-02,28.98785858860427
2020-05-03,14.903829397235498
2020-05-04,24.78403631650459
2020-05-05,32.73619045748284
2020-05-06,16.762915156106203
2020-05-07,18.81334392123982
2020-05-08,22.069905603716144
2020-05-09,18.97869694258763
2020-05-10,13.664825231072921
2020-05-11,21.680696383590952
2020-05-12,15.943805915439285
2020-05-13,23.538466044934353
2020-05-14,16.48633181402927
2020-05-15,28.743877702938875
2020-05-16,16.98653007233871
2020-05-17,19.19895317757765
2020-05-18,24.78122027352634
2020-05-19,14.461631690682584
2020-05-20,21.653554753512147
2020-05-21,26.95029104213313
2020-05-22,12.273541918463609
2020-05-23,21.128605657797948
2020-05-24,21.397465450327452
2020-05-25,23.89795773086181
2020-05-26,13.693098968534324
2020-05-27,13.162836873895838
2020-05-28,22.260394972734204
2020-05-29,21.019519532394362
2020-05-30,20.66935377444461
2020-05-31,21.02985125901327
2020-06-01,15.776678088209138
2020-06-02,20.21577637880973
2020-06-03,20.396135525423826
2020-06-04,15.233885187418505
2020-06-05,28.008033001968457
2020-06-06,20.92053786726818
2020-06-07,12.465809225430643
2020-06-08,21.574835193295463
2020-06-09,13.287232944738662
2020-06-10,21.963519230119527
2020-06-11,23.687457186127915
2020-06-12,13.656426655144285
2020-06-13,22.441101740511385
2020-06-14,19.551580772622874
2020-06-15,21.460552757444063
2020-06-16,26.695962306303237
2020-06-17,15.846020950822405
2020-06-18,13.164512866820047
2020-06-19,12.345171252845688
2020-06-20,12.572608979957888
2020-06-21,16.12448607730839
2020-06-22,18.073556030865653
2020-06-23,17.60856925352008
2020-06-24,20.217918567651132
2020-06-25,16.00351733882566
2020-06-26,23.062352952451732
2020-06-27,14.327292954911979
2020-06-28,29.107088195647123
2020-06-29,18.490065918185405
2020-06-30,10.931300729778958
2020-07-01,9.71790884844434
2020-07-02,17.33999073746603
2020-07-03,13.66559756151038
2020-07-04,18.208273291100088
2020-07-05,16.8599457601687
2020-07-06,13.985278315613884
2020-07-07,9.971348842992835
2020-07-08,6.487255997134557
2020-07-09,11.685422917193883
2020-07-10,18.056878714747384
2020-07-11,14.702672563868594
2020-07-12,7.261311482061155
2020-07-13,14.214244224470837
2020-07-14,15.133843497670883
2020-07-15,8.647519130386847
2020-07-16,13.69566399889089
2020-07-17,13.079046199196506
2020-07-18,6.934896553375275
2020-07-19,14.301260663801036
2020-07-20,15.179701537551402
2020-07-21,17.655417968973552
2020-07-22,17.374530969083622
2020-07-23,5.083556948807285
2020-07-24,7.150233504549124
2020-07-25,14.28310918591699
2020-07-26,14.14660304311716
2020-07-27,14.023865168821006
2020-07-28,30.584497007028936
2020-07-29,14.048810275915496
2020-07-30,16.747055041972576
2020-07-31,15.715500924461306
2020-08-01,14.080154560427403
2020-08-02,9.126043565269885
2020-08-03,14.377956579751114
2020-08-04,6.601277761083716
2020-08-05,9.165219821650247
2020-08-06,7.808062321537266
2020-08-07,10.531518174006886
2020-08-08,21.58444946139229
2020-08-09,0.565622557955928
2020-08-10,13.22586458673614
2020-08-11,1.6254625527820004
2020-08-12,7.225763400331845
2020-08-13,14.928497904345333
2020-08-14,9.705446822624964
2020-08-15,3.8976419236754802
2020-08-16,5.614220695094138
2020-08-17,12.495192210653487
2020-08-18,5.35396116356314
2020-08-19,9.998839962711589
2020-08-20,9.057355307760632
2020-08-21,5.4866737779011086
2020-08-22,19.381838937065808
2020-08-23,11.75145272518648
2020-08-24,-1.6217881464566535
2020-08-25,9.3606227955692
2020-08-26,5.046235106904382
2020-08-27,12.546569892221477
2020-08-28,4.253483979403555
2020-08-29,7.576566945162274
2020-08-30,10.611851683705387
2020-08-31,12.354888936926837
2020-09-01,1.9663862844772186
2020-09-02,6.239700548183194
2020-09-03,5.48442624529755
2020-09-04,4.542084217453585
2020-09-05,16.588233726103844
2020-09-06,9.740780062081791
2020-09-07,1.369059036223991
2020-09-08,12.223114842110071
2020-09-09,18.207651263724465
2020-09-10,12.72501968911649
2020-09-11,-0.06555715408523
2020-09-12,5.081515205410044
2020-09-13,13.811444409765645
2020-09-14,3.9155703924440903
2020-09-15,9.652884805774585
2020-09-16,11.289682847864947
2020-09-17,2.76745334705185
2020-09-18,7.092952644874165
2020-09-19,-8.824391425019444
2020-09-20,2.2542757255835246
2020-09-21,6.110554455724663
2020-09-22,1.13458216045509
2020-09-23,15.538587112600341
2020-09-24,0.23179311067337682
2020-09-25,5.1911902089327615
2020-09-26,8.056976882587387
2020-09-27,14.624455110649258
2020-09-28,0.25654962249904223
2020-09-29,13.272410748421775
2020-09-30,7.531450773345078
2020-10-01,2.599398662466836
2020-10-02,9.847078926859911
2020-10-03,8.564442201086951
2020-10-04,4.603602498540793
2020-10-05,7.992199050032923
2020-10-06,5.758077670657763
2020-10-07,8.296640534029047
2020-10-08,11.087061415412212
2020-10-09,15.756786527113505
2020-10-10,1.6908527394601354
2020-10-11,18.601250623568628
2020-10-12,-1.7652845222464144
2020-10-13,7.298207548121676
2020-10-14,11.063595179328814
2020-10-15,9.5947310790642
2020-10-16,5.146911243526562
2020-10-17,7.293296388942671
2020-10-18,5.945249800512805
2020-10-19,5.5426110523274055
2020-10-20,12.819443871107667
2020-10-21,10.441311370954223
2020-10-22,5.2792715162893895
2020-10-23,13.332171582470176
2020-10-24,10.463771028586564
2020-10-25,13.087414273985294
2020-10-26,12.269786903509509
2020-10-27,5.077894331058982
2020-10-28,6.525856676885419
2020-10-29,13.169765528922397
2020-10-30,12.59430413873859
2020-10-31,9.549695606170957
2020-11-01,10.355161717347515
2020-11-02,16.27371520750246
2020-11-03,7.046917903585656
2020-11-04,12.862136806575668
2020-11-05,9.24002462946392
2020-11-06,9.28935407872179
2020-11-07,16.00082132339466
2020-11-08,14.765570382851825
2020-11-09,14.839932135048855
2020-11-10,17.43598549295966
2020-11-11,11.152098109679535
2020-11-12,14.597578226084604
2020-11-13,9.779427494242178
2020-11-14,13.09672014660637
2020-11-15,10.972444532741088
2020-11-16,12.257519842118345
2020-11-17,14.899778002893097
2020-11-18,7.9863782037223565
2020-11-19,22.69490526449766
2020-11-20,7.360329810918796
2020-11-21,6.478843516200659
2020-11-22,18.50159373240673
2020-11-23,16.832448878252457
2020-11-24,16.15963358551615
2020-11-25,16.347423441920373
2020-11-26,13.312844463265208
2020-11-27,9.057868161579568
2020-11-28,14.094861486544533
2020-11-29,10.503323040016808
2020-11-30,18.939574160074557
2020-12-01,13.505039782670357
2020-12-02,10.290655066934347
2020-12-03,12.99044479503529
2020-12-04,16.842637826576745
2020-12-05,12.14129254335252
2020-12-06,11.032030489195357
2020-12-07,16.54602191882448
2020-12-08,16.73806180680617
2020-12-09,13.165298968210212
2020-12-10,13.532704784391237
2020-12-11,17.237075485367594
2020-12-12,9.026333730384248
2020-12-13,9.420318196622821
2020-12-14,13.057201140274188
2020-12-15,15.77482650171614
2020-12-16,18.590045972718556
2020-12-17,24.606491780852636
2020-12-18,21.712918602406795
2020-12-19,16.82049522820899
2020-12-20,17.72128199904041
2020-12-21,13.000449132256453
2020-12-22,18.11777077092948
2020-12-23,16.964741002074874
2020-12-24,20.2197315307791
2020-12-25,14.668444746120192
2020-12-26,21.600098282461534
2020-12-27,26.866081255893793
2020-12-28,18.857810804661252
2020-12-29,21.609547973719295
2020-12-30,23.251189136723237
2020-12-31,17.993897640570815
2021-01-01,21.319993230884396
2021-01-02,20.461972640684372
2021-01-03,21.086768945798603
2021-01-04,16.932564389841747
2021-01-05,21.119185160039038
2021-01-06,23.685391992345423
2021-01-07,28.64957930988654
2021-01-08,26.388319933750456
2021-01-09,32.55557583666634
2021-01-10,18.15016623011425
2021-01-11,26.545240145049526
2021-01-12,23.296522150665616
2021-01-13,33.52439417969165
2021-01-14,18.728797877119355
2021-01-15,18.765882644367572
2021-01-16,20.1609745125045
2021-01-17,12.731099131914586
2021-01-18,20.913587823090584
2021-01-19,19.937581254360627
2021-01-20,24.67514313380162
2021-01-21,25.820883566402927
2021-01-22,33.68083935101355
2021-01-23,29.238890239667683
2021-01-24,21.78789586032305
2021-01-25,20.364794176230696
2021-01-26,27.49968055016012
2021-01-27,18.62085340969815
2021-01-28,34.559919825971505
2021-01-29,31.47905955270952
2021-01-30,23.413795049295423
2021-01-31,17.370351861559797
2021-02-01,32.88023027324969
2021-02-02,25.71146207816099
2021-02-03,32.64494154085857
2021-02-04,18.65378337852838
2021-02-05,23.79742898963215
2021-02-06,26.98718399833553
2021-02-07,27.360767560385924
2021-02-08,25.03863327769738
2021-02-09,30.564463081598166
2021-02-10,22.271481134669713
2021-02-11,27.055133688823158
2021-02-12,28.523996538669763
2021-02-13,30.648201294585206
2021-02-14,31.785534373289686
2021-02-15,22.753629736231133
2021-02-16,20.85354076215772
2021-02-17,35.05762283228307
2021-02-18,30.47375669028816
2021-02-19,25.210488415701484
2021-02-20,36.847168420424595
2021-02-21,29.805989216418617
2021-02-22,35.257997282407445
2021-02-23,29.830655343591825
2021-02-24,39.92597952955204
2021-02-25,38.525716320582625
2021-02-26,28.62852935687914
2021-02-27,34.853079907006965
2021-02-28,33.3414890193654
2021-03-01,37.07463298685813
2021-03-02,25.52117912110777
2021-03-03,33.887804488420926
2021-03-04,35.85882493094184
2021-03-05,21.879540690014156
2021-03-06,24.860838051001778
2021-03-07,20.68219641730804
2021-03-08,29.62986214798671
2021-03-09,34.66043785477628
2021-03-10,38.67761305517621
2021-03-11,31.626654409506205
2021-03-12,39.48684378672747
2021-03-13,24.528059322922996
2021-03-14,22.99365296617576
2021-03-15,31.312007031709932
2021-03-16,33.586419603967485
2021-03-17,31.576117416899997
2021-03-18,21.473017759411576
2021-03-19,31.432390655530124
2021-03-20,25.420519474176135
2021-03-21,35.353208268784094
2021-03-22,33.896907480196944
2021-03-23,27.42067083476884
2021-03-24,29.603962966929785
2021-03-25,26.927524347748264
2021-03-26,31.957550705861326
2021-03-27,37.09106594753962
2021-03-28,27.428181143239453
2021-03-29,34.91554569325445
2021-03-30,29.77956818491819
2021-03-31,28.499074283144722
2021-04-01,31.95790628252062
2021-04-02,27.343502919655982
2021-04-03,29.775161485617115
2021-04-04,26.574750158659516
2021-04-05,42.40553699926326
2021-04-06,32.773043763701715
2021-04-07,29.109959817619387
2021-04-08,33.68739955319457
2021-04-09,32.06182915860369
2021-04-10,31.52165393205455
2021-04-11,35.697438287526666
2021-04-12,36.411324617981556
2021-04-13,29.965548986621435
2021-04-14,29.73032937159343
2021-04-15,31.222635809299522
2021-04-16,21.073881595603815
2021-04-17,24.9902570239638
2021-04-18,39.38045361668463
2021-04-19,40.74794990367389
2021-04-20,31.252134232476813
2021-04-21,35.351492139594
2021-04-22,33.99355738635693
2021-04-23,47.797533763614894
2021-04-24,37.9640694503367
2021-04-25,31.68693323469696
2021-04-26,27.506426289720856
2021-04-27,24.20680587401378
2021-04-28,33.208587799013976
2021-04-29,28.359093472476157
2021-04-30,24.976524724623697
2021-05-01,28.799267259031275
2021-05-02,26.566147015851804
2021-05-03,40.34879288655972
2021-05-04,36.25794963225049
2021-05-05,31.744049121849866
2021-05-06,39.115317476209775
2021-05-07,32.03167410749178
2021-05-08,27.265227771636628
2021-05-09,39.111695599516906
2021-05-10,34.112692604826876
2021-05-11,26.15165073792854
2021-05-12,30.303631093651777
2021-05-13,26.792412624834657
2021-05-14,24.16945433037661
2021-05-15,35.6250934155094
2021-05-16,40.44987973637055
2021-05-17,23.816422889510324
2021-05-18,33.52848037013086
2021-05-19,27.362740427243217
2021-05-20,28.08062816166802
2021-05-21,27.452607649526648
2021-05-22,25.991004242870677
2021-05-23,30.44804450486056
2021-05-24,25.943300897030152
2021-05-25,31.341127500874457
2021-05-26,29.62666197567905
2021-05-27,28.57037970498518
2021-05-28,25.112868834441734
2021-05-29,26.65073951338676
2021-05-30,33.19384565184401
2021-05-31,31.802196149650303
2021-06-01,24.289025472108836
2021-06-02,29.551169420150845
2021-06-03,32.687708775789375
2021-06-04,20.458615871943497
2021-06-05,31.395961408144355
2021-06-06,25.23825446798001
2021-06-07,31.275320054409693
2021-06-08,24.475771367413728
2021-06-09,19.136230792552677
2021-06-10,19.89038402199146
2021-06-11,28.134904024397805
2021-06-12,29.05845075551025
2021-06-13,23.10263796876774
2021-06-14,30.680638431827266
2021-06-15,19.042651646126817
2021-06-16,26.88159839979692
2021-06-17,21.01788053202448
2021-06-18,23.6740131495967
2021-06-19,27.02973675755538
2021-06-20,22.34959357836533
2021-06-21,24.587216903229784
2021-06-22,31.399260202854634
2021-06-23,23.340655909254245
2021-06-24,30.260462882796737
2021-06-25,20.28997360614803
2021-06-26,28.443703456241565
2021-06-27,32.85842022439127
2021-06-28,13.14801986206258
2021-06-29,21.377252902007996
2021-06-30,28.102449147763085
2021-07-01,24.057144408534935
2021-07-02,26.78335802810665
2021-07-03,21.762985554560537
2021-07-04,25.07121975800414
2021-07-05,23.71537146034058
2021-07-06,30.188333187197294
2021-07-07,25.477421649840938
2021-07-08,25.74950543093989
2021-07-09,21.858612846916657
2021-07-10,21.336853622767567
2021-07-11,21.46941290411947
2021-07-12,25.462266087512578
2021-07-13,21.243417191113615
2021-07-14,24.656130883508773
2021-07-15,33.4438103046197
2021-07-16,27.28266198632172
2021-07-17,21.15788494612731
2021-07-18,28.655817653348116
2021-07-19,20.47194699695187
2021-07-20,12.185156229820972
2021-07-21,17.199730198510146
2021-07-22,12.751561103779833
2021-07-23,20.2143363683862
2021-07-24,21.931450600072505
2021-07-25,30.090119411250107
2021-07-26,23.212310157376937
2021-07-27,20.353124093246457
2021-07-28,25.467867459672775
2021-07-29,10.138681177410241
2021-07-30,22.24729963161242
2021-07-31,24.79981807643012
2021-08-01,13.430267074999204
2021-08-02,26.421160004506262
2021-08-03,22.275592514756863
2021-08-04,18.388964264267567
2021-08-05,23.513222185881723
2021-08-06,31.588344349704773
2021-08-07,21.03147875236775
2021-08-08,21.252259559526433
2021-08-09,17.60514402321346
2021-08-10,15.545341787539613
2021-08-11,23.840720991451487
2021-08-12,15.305003599734684
2021-08-13,19.841576105605476
2021-08-14,16.995759493322065
2021-08-15,21.681264942053975
2021-08-16,20.85904976782873
2021-08-17,24.284903187269606
2021-08-18,16.455712327875094
2021-08-19,17.567172338334867
2021-08-20,13.935677529330027
2021-08-21,16.523209215549638
2021-08-22,20.548620955663452
2021-08-23,22.366800696823187
2021-08-24,13.893098165943254
2021-08-25,22.776380822250367
2021-08-26,25.133356724771083
2021-08-27,20.351577734358862
2021-08-28,27.60006673435739
2021-08-29,14.281303156978911
2021-08-30,11.863641772246016
2021-08-31,9.13251172155484
2021-09-01,25.448089877202015
2021-09-02,21.18403500915823
2021-09-03,17.581229446550058
2021-09-04,19.20857351192125
2021-09-05,12.133517288206484
2021-09-06,29.944631405361147
2021-09-07,18.319584717775353
2021-09-08,18.180779079860663
2021-09-09,21.225703398154764
2021-09-10,19.967739545044324
2021-09-11,18.650712797080494
2021-09-12,13.550313292514744
2021-09-13,19.83423044951251
2021-09-14,26.864040202913166
2021-09-15,24.160887895818334
2021-09-16,25.382445713915246
2021-09-17,14.84602732278634
2021-09-18,12.442555323890264
2021-09-19,16.753010674827678
2021-09-20,17.654838493698442
2021-09-21,22.84435280504521
2021-09-22,8.911174921705243
2021-09-23,25.024282190245238
2021-09-24,16.592460507581592
2021-09-25,15.25700729268058
2021-09-26,12.342752119856092
2021-09-27,9.143805305989835
2021-09-28,21.55171329820581
2021-09-29,17.823181823588993
2021-09-30,11.030480969541873
2021-10-01,11.03154805738851
2021-10-02,15.857638059092915
2021-10-03,25.914251349666568
2021-10-04,16.30673012751674
2021-10-05,10.127473859492298
2021-10-06,16.455930334536845
2021-10-07,16.365435959034453
2021-10-08,4.291974828099116
2021-10-09,17.555228113797682
2021-10-10,16.725257582550988
2021-10-11,21.417115574354384
2021-10-12,27.239934950092824
2021-10-13,23.689958171038377
2021-10-14,16.777565694131777
2021-10-15,12.657142196680683
2021-10-16,31.127207858878833
2021-10-17,18.629999810801483
2021-10-18,18.479900933371695
2021-10-19,18.368809401498446
2021-10-20,19.561857189841817
2021-10-21,17.934431881509273
2021-10-22,15.875509458191482
2021-10-23,16.09987749910196
2021-10-24,18.76350707312352
2021-10-25,16.305979824121664
2021-10-26,15.557413780505623
2021-10-27,19.755020524128824
2021-10-28,18.051875790765983
2021-10-29,26.95326244621953
2021-10-30,6.2876037696062035
2021-10-31,25.111737835604004
2021-11-01,25.998950763291756
2021-11-02,9.518439566519584
2021-11-03,18.291336877363058
2021-11-04,18.269445570746512
2021-11-05,13.21342941804428
2021-11-06,16.488676656903515
2021-11-07,14.954057836129557
2021-11-08,29.399840855029787
2021-11-09,25.450775920782966
2021-11-10,27.266366932158803
2021-11-11,24.655439221731918
2021-11-12,15.542554513523639
2021-11-13,18.70815994581058
2021-11-14,23.92276119030374
2021-11-15,15.51252076011978
2021-11-16,25.337532168016693
2021-11-17,20.722365884917846
2021-11-18,20.20337758214173
2021-11-19,25.787768727087816
2021-11-20,24.611733275847495
2021-11-21,20.744955751043918
2021-11-22,28.507688381727625
2021-11-23,17.46881877043828
2021-11-24,26.118712534976684
2021-11-25,26.17120218544089
2021-11-26,21.82634613092982
2021-11-27,25.17480513021931
2021-11-28,17.460270813649387
2021-11-29,28.50926669361187
2021-11-30,23.139464810770846
2021-12-01,21.626711587585845
2021-12-02,29.663187180081344
2021-12-03,21.07565555058645
2021-12-04,17.73567407338082
2021-12-05,17.176769439752874
2021-12-06,28.173182223755703
2021-12-07,18.925439098883494
2021-12-08,34.28719986118438
2021-12-09,15.290367805647248
2021-12-10,34.37017815393303
2021-12-11,27.1319131345925
2021-12-12,25.783189878518904
2021-12-13,23.73304163446084
2021-12-14,28.645102818296706
2021-12-15,26.653888748151132
2021-12-16,32.55201755481113
2021-12-17,27.80084893941506
2021-12-18,28.176129293706083
2021-12-19,25.802126816956843
2021-12-20,27.5316349199485
2021-12-21,29.552104799905788
2021-12-22,19.6594944876083
2021-12-23,21.66710708614699
2021-12-24,32.322459199202214
2021-12-25,29.658926654521512
2021-12-26,28.08344902949226
2021-12-27,29.29455635620786
2021-12-28,31.139520073753893
2021-12-29,26.90219096167778
2021-12-30,25.908945551156098
2021-12-31,30.979226275488404
2022-01-01,25.307666933757147
2022-01-02,32.440274415347744
2022-01-03,22.085470431865232
2022-01-04,35.9433914957473
2022-01-05,33.35962170080953
2022-01-06,32.47554920768754
2022-01-07,36.30731619063889
2022-01-08,39.919338025637295
2022-01-09,36.8615138741992
2022-01-10,22.78253288789627
2022-01-11,25.78575212776762
2022-01-12,29.255719233495448
2022-01-13,32.705834764657446
2022-01-14,35.35858440624072
2022-01-15,29.33577278950412
2022-01-16,34.09177156210998
2022-01-17,29.573663091697
2022-01-18,30.484773916534646
2022-01-19,26.699939077887997
2022-01-20,29.30700797086606
2022-01-21,27.353680659435458
2022-01-22,29.42061889004745
2022-01-23,39.754980031776626
2022-01-24,29.925419694475348
2022-01-25,48.01877785715943
2022-01-26,37.50667419703203
2022-01-27,36.14620006327573
2022-01-28,31.110837095793666
2022-01-29,39.083408346148026
2022-01-30,32.881484178630075
2022-01-31,36.546073580240986
2022-02-01,48.911291093766586
2022-02-02,35.80386180580083
2022-02-03,42.202226612419636
2022-02-04,33.110039546870766
2022-02-05,36.6193616519162
2022-02-06,45.81496867792216
2022-02-07,33.99102930262337
2022-02-08,46.35120342507823
2022-02-09,40.98897309713805
2022-02-10,34.79724940211135
2022-02-11,40.92906980920722
2022-02-12,42.78529062824392
2022-02-13,41.18505693537744
2022-02-14,30.376336383392943
2022-02-15,34.741154316296125
2022-02-16,37.2865184380783
2022-02-17,38.2970715772903
2022-02-18,41.915547118143586
2022-02-19,39.841426103150525
2022-02-20,32.41468674926147
2022-02-21,41.12860529998413
2022-02-22,42.41444008850743
2022-02-23,42.29201517619648
2022-02-24,45.026143532915206
2022-02-25,43.91862288111112
2022-02-26,42.16925049541669
2022-02-27,39.644396594941945
2022-02-28,31.809804603859696
2022-03-01,42.37956629485931
2022-03-02,41.38423485982385
2022-03-03,41.81544137440559
2022-03-04,34.18295961759236
2022-03-05,35.26795542008842
2022-03-06,46.04289488099516
2022-03-07,40.680581536825265
2022-03-08,44.38439980707262
2022-03-09,41.21431845644879
2022-03-10,41.3146084921748
2022-03-11,45.94759953728732
2022-03-12,38.76354241778414
2022-03-13,41.909170498702366
2022-03-14,39.199188719426324
2022-03-15,39.41726438903145
2022-03-16,40.12023174192775
2022-03-17,42.85026001553902
2022-03-18,39.416485151293564
2022-03-19,48.156771480961666
2022-03-20,37.469830465602875
2022-03-21,41.0704873038271
2022-03-22,39.865260958341814
2022-03-23,49.35495918817428
2022-03-24,43.156071436171125
2022-03-25,47.3828146545362
2022-03-26,34.843144327042324
2022-03-27,43.65060567437972
2022-03-28,46.804965353034355
2022-03-29,42.806733062042355
2022-03-30,47.75825815210715
2022-03-31,39.87699619395458
2022-04-01,49.53979528322131
2022-04-02,54.014205149849104
2022-04-03,40.729215210154734
2022-04-04,40.3366270145999
2022-04-05,49.84883372026982
2022-04-06,50.49458673249663
2022-04-07,39.99428722181597
2022-04-08,40.516565914044165
2022-04-09,41.2145463627553
2022-04-10,35.90424937454928
2022-04-11,38.03334505488855
2022-04-12,37.60308223398469
2022-04-13,38.77906689915344
2022-04-14,42.435996137882924
2022-04-15,43.768967957740344
2022-04-16,50.33598988335213
2022-04-17,37.57444213126261
2022-04-18,47.467694271844934
2022-04-19,41.45316711503993
2022-04-20,42.24999588199654
2022-04-21,45.84280478514819
2022-04-22,36.823696505827755
2022-04-23,44.315178452258955
2022-04-24,43.19845593422909
2022-04-25,44.78877751214153
2022-04-26,43.72997171226208
2022-04-27,54.515538174856104
2022-04-28,39.00256969842128
2022-04-29,39.48586242388859
2022-04-30,38.972090640488254
2022-05-01,39.25474608444264
2022-05-02,38.786951397391185
2022-05-03,47.85816736673467
2022-05-04,48.95227208745252
2022-05-05,38.93018085968557
2022-05-06,37.55381891623851
2022-05-07,44.00191035118571
2022-05-08,38.81053355687309
2022-05-09,44.66073430194619
2022-05-10,42.43275749066009
2022-05-11,33.759160934574666
2022-05-12,48.99285049072012
2022-05-13,50.149892257236054
2022-05-14,38.01950953277636
2022-05-15,39.055697878171266
2022-05-16,42.332123487644424
2022-05-17,42.48154470854116
2022-05-18,44.00635555004216
2022-05-19,50.66697596668411
2022-05-20,39.631518943021256
2022-05-21,36.42309104802874
2022-05-22,33.41436195119713
2022-05-23,36.55078616542684
2022-05-24,39.93241661471636
2022-05-25,48.96163268956421
2022-05-26,37.28979602774389
2022-05-27,40.884059697511724
2022-05-28,39.56857266428596
2022-05-29,45.476562533468865
2022-05-30,52.05155165208334
2022-05-31,36.6432663469268
2022-06-01,36.72960448351049
2022-06-02,44.27531227835007
2022-06-03,42.340230607061976
2022-06-04,48.03917890623053
2022-06-05,41.59880137287451
2022-06-06,36.75491280877395
2022-06-07,41.37560086490545
2022-06-08,43.835585053040866
2022-06-09,42.2630522018621
2022-06-10,40.56446636694377
2022-06-11,43.227852739036685
2022-06-12,43.60631619913121
2022-06-13,44.53501604947742
2022-06-14,40.73122557588861
2022-06-15,36.51466155588735
2022-06-16,37.94556582520012
2022-06-17,43.10550636337855
2022-06-18,32.84851533367133
2022-06-19,38.636109945337815
2022-06-20,34.68496634314829
2022-06-21,36.65371873905301
2022-06-22,42.76005546981894
2022-06-23,37.18061059696951
2022-06-24,36.31418506325178
2022-06-25,29.139227174536536
2022-06-26,39.52595039680126
2022-06-27,38.877998026807155
2022-06-28,46.32251597922635
2022-06-29,33.82283800459538
2022-06-30,36.31284015018009
2022-07-01,36.31928975730369
2022-07-02,42.814895060067485
2022-07-03,34.30643382620489
2022-07-04,36.033378449491344
2022-07-05,37.53324018588368
2022-07-06,35.282468494680046
2022-07-07,31.973149360582227
2022-07-08,35.031942085055434
2022-07-09,39.28615642682786
2022-07-10,28.64230824607473
2022-07-11,34.29705221395198
2022-07-12,29.989401300925238
2022-07-13,39.32357273983914
2022-07-14,25.59132207510784
2022-07-15,30.272197075034576
2022-07-16,34.81309784448587
2022-07-17,40.615622753138226
2022-07-18,32.32099673716347
2022-07-19,29.73632622859364
2022-07-20,41.78156425291319
2022-07-21,25.000092251015964
2022-07-22,21.111490925808724
2022-07-23,34.17197603885943
2022-07-24,29.32908758236168
2022-07-25,26.601768764220125
2022-07-26,35.119455525052885
2022-07-27,32.66763030614677
2022-07-28,28.5004464000717
2022-07-29,24.792835729095213
2022-07-30,35.4315134824703
2022-07-31,34.196497996788594
2022-08-01,30.3273189850015
2022-08-02,39.93557476870995
2022-08-03,25.232686645654034
2022-08-04,22.8377779791479
2022-08-05,26.889772505944094
2022-08-06,30.006949978905293
2022-08-07,31.338844723688734
2022-08-08,28.804976338743106
2022-08-09,31.662225503486162
2022-08-10,23.53686651391137
2022-08-11,36.907864929096576
2022-08-12,29.174666837316188
2022-08-13,35.07022407744914
2022-08-14,31.09767345903617
2022-08-15,31.57013190909093
2022-08-16,32.03957564255501
2022-08-17,31.335746266066696
2022-08-18,32.219408121486566
2022-08-19,35.56230966546387
2022-08-20,29.81210195674891
2022-08-21,32.289694303872764
2022-08-22,28.213440019003063
2022-08-23,35.7824436908438
2022-08-24,25.121963276535045
2022-08-25,37.43305338627616
2022-08-26,28.154377677524604
2022-08-27,21.13052770765012
2022-08-28,28.856609746121006
2022-08-29,24.744990865122368
2022-08-30,32.29013303374673
2022-08-31,24.762993069564285
2022-09-01,25.73695115368221
2022-09-02,18.46450307266027
2022-09-03,25.59762120485695
2022-09-04,15.689333747177367
2022-09-05,19.841448407269752
2022-09-06,31.51794478799851
2022-09-07,31.602479601153384
2022-09-08,29.761092915761015
2022-09-09,22.76198956301524
2022-09-10,27.32413660565086
2022-09-11,27.513279980231996
2022-09-12,21.710862123778593
2022-09-13,34.99388017266829
2022-09-14,31.840729173416356
2022-09-15,26.328966795895123
2022-09-16,27.550941775690916
2022-09-17,28.444019744680023
2022-09-18,17.181905083061714
2022-09-19,26.146058362722936
2022-09-20,23.966292692265977
2022-09-21,22.365295163215883
2022-09-22,25.96799660584956
2022-09-23,36.364963227189776
2022-09-24,30.58671430681159
2022-09-25,24.535517693503696
2022-09-26,30.266187902937727
2022-09-27,34.414865848248695
2022-09-28,32.059028792960085
2022-09-29,27.754743837247847
2022-09-30,24.245601579719274
2022-10-01,30.99805848577454
2022-10-02,29.503988482652304
2022-10-03,32.04510982335826
2022-10-04,30.78054589274461
2022-10-05,32.8909522016795
2022-10-06,25.008469597163717
2022-10-07,34.31602413594443
2022-10-08,28.76440606626897
2022-10-09,38.203006809513056
2022-10-10,24.43399114314654
2022-10-11,36.615902766113535
2022-10-12,28.984708392679334
2022-10-13,24.80004300522735
2022-10-14,25.702579976634315
2022-10-15,26.588035199417437
2022-10-16,30.381238574639113
2022-10-17,30.948085080906537
2022-10-18,25.541754454114077
2022-10-19,28.36766187574355
2022-10-20,39.28278517906186
2022-10-21,37.29394979163254
2022-10-22,30.925437840962818
2022-10-23,29.024189596144907
2022-10-24,29.527430057794806
2022-10-25,32.090693543442576
2022-10-26,24.007679867899412
2022-10-27,27.935986698552608
2022-10-28,20.983841508482314
2022-10-29,31.429413116332476
2022-10-30,32.778432510084954
2022-10-31,27.23827126449483
2022-11-01,37.638458617253775
2022-11-02,23.75656241354863
2022-11-03,22.6829004467157
2022-11-04,31.248908993525333
2022-11-05,35.48647940469415
2022-11-06,38.79739855214722
2022-11-07,28.212515749114015
2022-11-08,36.03189280506815
2022-11-09,30.57984160754212
2022-11-10,30.045454957483905
2022-11-11,35.465378588949086
2022-11-12,34.449427761676866
2022-11-13,23.448800492288182
2022-11-14,38.85859013279364
2022-11-15,38.52361657531676
2022-11-16,28.644726509607107
2022-11-17,33.903010542895565
2022-11-18,34.547632551303394
2022-11-19,33.53633771518987
2022-11-20,29.638890949190213
2022-11-21,29.19166974044906
2022-11-22,32.583269009949156
2022-11-23,38.73778050473459
2022-11-24,35.75703527322752
2022-11-25,31.352624235168427
2022-11-26,37.232571880741475
2022-11-27,19.30142691585835
2022-11-28,39.45966719743642
2022-11-29,25.190562703686865
2022-11-30,32.25177078597012
2022-12-01,28.641977217050304
2022-12-02,27.94473367229235
2022-12-03,40.401507940192815
2022-12-04,32.439474548639176
2022-12-05,36.69243471602597
2022-12-06,34.90852957263158
2022-12-07,37.71278999748051
2022-12-08,35.89733840656381
2022-12-09,29.285053724122996
2022-12-10,40.86923040971856
2022-12-11,33.60804288277284
2022-12-12,28.48384594457211
2022-12-13,34.317061263676024
2022-12-14,44.15322119970791
2022-12-15,41.09317097084282
2022-12-16,35.292247472689205
2022-12-17,35.48342217451273
2022-12-18,35.816445230309775
2022-12-19,48.00392779583032
2022-12-20,39.7260402997116
2022-12-21,40.16330419140081
2022-12-22,43.36175372105062
2022-12-23,39.60197999180811
2022-12-24,37.31092799998514
2022-12-25,37.82285021845691
2022-12-26,38.645359414185336
2022-12-27,39.01627550833169
2022-12-28,43.039759265130414
2022-12-29,39.86071879226106
2022-12-30,43.46366956424558
2022-12-31,39.59641709945708
2023-01-01,40.59270677341276
2023-01-02,30.40800721411484
2023-01-03,45.18002682656684
2023-01-04,42.53005568860902
2023-01-05,45.98668483804255
2023-01-06,26.714123645149733
2023-01-07,51.83573479481496
2023-01-08,40.894017662548535
2023-01-09,47.33057763279613
2023-01-10,36.78737440892682
2023-01-11,45.24750648675896
2023-01-12,37.112734306105544
2023-01-13,39.45653471012426
2023-01-14,52.340446073229046
2023-01-15,42.01107985145472
2023-01-16,44.24510210562321
2023-01-17,47.70091640690737
2023-01-18,46.02077237135739
2023-01-19,44.485339087847
2023-01-20,45.747979213751705
2023-01-21,56.129181613708504
2023-01-22,44.01189116976618
2023-01-23,45.49226628231226
2023-01-24,49.9256861186731
2023-01-25,50.384497197762364
2023-01-26,50.97523622042949
2023-01-27,48.41567055494727
2023-01-28,39.687601433047305
2023-01-29,53.74901661060855
2023-01-30,40.02794634472548
2023-01-31,47.44920183320934
2023-02-01,42.339489152325804
2023-02-02,45.96346957145913
2023-02-03,48.09967203250866
2023-02-04,48.23270774975157
2023-02-05,48.90390787557743
2023-02-06,55.029521845037834
2023-02-07,49.39353609913209
2023-02-08,46.068177458640356
2023-02-09,52.27064926130245
2023-02-10,53.55693572620588
2023-02-11,41.62899203824465
2023-02-12,50.90951872935955
2023-02-13,51.581870835845926
2023-02-14,46.73964246604525
2023-02-15,55.25537426197858
2023-02-16,47.77383368067319
2023-02-17,49.29712099014824
2023-02-18,47.94682750897085
2023-02-19,49.03081633639157
2023-02-20,43.610033108335955
2023-02-21,42.02736163198284
2023-02-22,57.334036678213174
2023-02-23,45.25825619494964
2023-02-24,44.665278157860556
2023-02-25,38.98206154034802
2023-02-26,46.67854136082699
2023-02-27,43.37977618519768
2023-02-28,58.32468507212151
2023-03-01,55.28056064590955
2023-03-02,46.90504469811967
2023-03-03,61.71972621515026
2023-03-04,55.47552993165186
2023-03-05,49.04908120458661
2023-03-06,38.28010203996277
2023-03-07,62.33307016906225
2023-03-08,44.02903398639152
2023-03-09,42.845732841012016
2023-03-10,56.27867995474427
2023-03-11,63.45494253910368
2023-03-12,58.26513015142359
2023-03-13,54.24811221425925
2023-03-14,54.48433687127797
2023-03-15,55.85682332009456
2023-03-16,55.460735308204775
2023-03-17,53.14554827721734
2023-03-18,52.33123377937033
2023-03-19,51.56502521359644
2023-03-20,48.17304403236702
2023-03-21,50.60147014030003
2023-03-22,43.59913217873578
2023-03-23,51.628371632431865
2023-03-24,47.23034201785867
2023-03-25,46.70564537111416
2023-03-26,53.170416947994575
2023-03-27,59.27536577675642
2023-03-28,56.948394404928735
2023-03-29,44.54281009754934
2023-03-30,47.48271559392871
2023-03-31,57.16729438439752
2023-04-01,47.58062111460186
2023-04-02,51.396548781767734
2023-04-03,55.293668507475786
2023-04-04,47.722417347285585
2023-04-05,53.108788865411114
2023-04-06,45.92659852925205
2023-04-07,49.601749137826246
2023-04-08,54.216409670236146
2023-04-09,44.65850073939949
2023-04-10,54.82887561952266
2023-04-11,52.528415792676135
2023-04-12,55.38623583983077
2023-04-13,53.73762539499739
2023-04-14,59.43012272468606
2023-04-15,53.22401680829728
2023-04-16,50.43645971365547
2023-04-17,53.177699850117975
2023-04-18,55.26257242464395
2023-04-19,52.767411687796
2023-04-20,52.70027288627812
2023-04-21,48.9587488852814
2023-04-22,49.1228020258845
2023-04-23,45.390103362340234
2023-04-24,61.114078609098506
2023-04-25,46.107205015144366
2023-04-26,48.819602503743454
2023-04-27,48.64700114745567
2023-04-28,56.66589150440007
2023-04-29,50.666098807437535
2023-04-30,58.32650363598074
2023-05-01,48.664678559024566
2023-05-02,53.36885784504279
2023-05-03,47.736349444898124
2023-05-04,62.575496486370184
2023-05-05,45.8459202332854
2023-05-06,53.26470033289479
2023-05-07,54.81371697391418
2023-05-08,53.640644265535435
2023-05-09,50.5696369187801
2023-05-10,50.76903888773647
2023-05-11,51.55693886945639
2023-05-12,50.520314475927364
2023-05-13,55.98989947573299
2023-05-14,62.13606799315505
2023-05-15,48.20674675281202
2023-05-16,44.053781636124526
2023-05-17,50.36785051684977
2023-05-18,63.612180874949615
2023-05-19,46.597580433003706
2023-05-20,58.71183910771184
2023-05-21,58.8030813411032
2023-05-22,47.54301688272979
2023-05-23,53.05035176106282
2023-05-24,58.240034594728044
2023-05-25,48.09320466703785
2023-05-26,48.85995072241293
2023-05-27,46.85671536957401
2023-05-28,44.57690349118539
2023-05-29,46.28820844089841
2023-05-30,43.29718818890396
2023-05-31,49.468027552824545
2023-06-01,45.326935540808385
2023-06-02,50.223437451958446
2023-06-03,41.151294927912296
2023-06-04,50.46004343862265
2023-06-05,52.84680525428932
2023-06-06,38.582695049851985
2023-06-07,50.292609560681775
2023-06-08,54.430412112492775
2023-06-09,42.11243620241925
2023-06-10,56.39095814559579
2023-06-11,49.989574337921134
2023-06-12,44.23477896811082
2023-06-13,47.34537570600127
2023-06-14,50.27931070054903
2023-06-15,47.73027891453368
2023-06-16,49.90577735526535
2023-06-17,42.469593565439936
2023-06-18,47.7799978087879
2023-06-19,39.72417091644843
2023-06-20,46.0955300980416
2023-06-21,41.99045641705497
2023-06-22,42.690146443833605
2023-06-23,52.40558113292219
2023-06-24,51.53855292544238
2023-06-25,48.98419848397203
2023-06-26,40.33311874330228
2023-06-27,44.06853487262778
2023-06-28,51.57173086259495
2023-06-29,46.07031374755991
2023-06-30,56.81373621176886
2023-07-01,47.038960535721785
2023-07-02,45.88787424370029
2023-07-03,43.23732916712716
2023-07-04,45.30597534455107
2023-07-05,43.73140845539826
2023-07-06,47.88996626234121
2023-07-07,48.98882901730779
2023-07-08,40.13154481802415
2023-07-09,37.26183290974012
2023-07-10,34.59385787761357
2023-07-11,46.172160477780295
2023-07-12,37.97317234475173
2023-07-13,32.583886630452525
2023-07-14,45.150149621681535
2023-07-15,55.53180389855649
2023-07-16,42.8966839114638
2023-07-17,46.98045647922474
2023-07-18,43.058894835266216
2023-07-19,42.01787559610392
2023-07-20,46.97116132064909
2023-07-21,40.78878903215393
2023-07-22,43.442482279268646
2023-07-23,43.580392819572836
2023-07-24,38.49890643590949
2023-07-25,46.66814459755631
2023-07-26,40.70287450507909
2023-07-27,37.669900939826555
2023-07-28,44.00338877160737
2023-07-29,36.7020178134945
2023-07-30,41.21013262791526
2023-07-31,40.89989712377428
2023-08-01,46.252676133056305
2023-08-02,43.07588095287139
2023-08-03,40.45797568355907
2023-08-04,44.55423532977302
2023-08-05,47.300350600436886
2023-08-06,43.023931592442125
2023-08-07,40.17391057629218
2023-08-08,33.45197546627396
2023-08-09,34.576380205537816
2023-08-10,38.26844011309026
2023-08-11,36.64148089793386
2023-08-12,38.6505662143518
2023-08-13,39.76699454399404
2023-08-14,42.0325104989313
2023-08-15,38.933871923026565
2023-08-16,41.623247460525
2023-08-17,39.41957554003072
2023-08-18,29.128461490379486
2023-08-19,34.219870045707964
2023-08-20,38.109058329633484
2023-08-21,32.69620180172466
2023-08-22,41.661762140420215
2023-08-23,46.235611775314915
2023-08-24,44.59773404531798
2023-08-25,37.36113686707104
2023-08-26,45.8087981149961
2023-08-27,39.027740504250914
2023-08-28,36.530657815976866
2023-08-29,35.08323583479208
2023-08-30,36.57456685636247
2023-08-31,36.0852288733701
2023-09-01,38.819949431633546
2023-09-02,38.71507663263726
2023-09-03,37.8743829018694
2023-09-04,39.9934212290539
2023-09-05,43.71419389863008
2023-09-06,42.463642184483646
2023-09-07,30.248988965649705
2023-09-08,24.864199432326423
2023-09-09,42.26846983485767
2023-09-10,30.72829989428365
2023-09-11,36.40746566622142
2023-09-12,31.652120439444506
2023-09-13,28.46698647593244
2023-09-14,40.16123136156194
2023-09-15,41.22956346655669
2023-09-16,34.53396057708466
2023-09-17,24.446894244217717
2023-09-18,34.65935718392075
2023-09-19,39.34096530233865
2023-09-20,29.981656088384334
2023-09-21,38.29019481158625
2023-09-22,37.296948824414365
2023-09-23,40.27298809094761
2023-09-24,37.98040184254731
2023-09-25,32.5260679380099
2023-09-26,43.38613150447938
2023-09-27,36.625440800183824
2023-09-28,37.29933768084658
2023-09-29,32.790252192280995
2023-09-30,35.26387421228959
2023-10-01,33.082928347572086
2023-10-02,36.67183125592644
2023-10-03,46.12768612393131
2023-10-04,30.745181169677977
2023-10-05,29.575381635699117
2023-10-06,45.0404972924346
2023-10-07,36.68243542201347
2023-10-08,34.43104434950739
2023-10-09,43.02622588336712
2023-10-10,34.85185253491006
2023-10-11,47.06613231802197
2023-10-12,41.38478383206244
2023-10-13,35.617575982571076
2023-10-14,48.90855021323344
2023-10-15,35.16119712537233
2023-10-16,41.97088570267605
2023-10-17,39.83037054276149
2023-10-18,44.91896092080095
2023-10-19,46.29699082068273
2023-10-20,38.731454131331375
2023-10-21,34.889144589398065
2023-10-22,41.04368020728824
2023-10-23,35.44559535654338
2023-10-24,48.994209661836614
2023-10-25,39.70578033520417
2023-10-26,37.2950349373309
2023-10-27,40.146270914993885
2023-10-28,32.591130430221774
2023-10-29,34.57522731075282
2023-10-30,45.54452235129338
2023-10-31,36.3697321811347
2023-11-01,34.53396988739391
2023-11-02,42.56865449119675
2023-11-03,45.93329562107978
2023-11-04,43.7214164540508
2023-11-05,45.23122632066245
2023-11-06,36.59378465201057
2023-11-07,33.39788372974947
2023-11-08,48.145156897689105
2023-11-09,39.158984760834976
2023-11-10,39.65442637491277
2023-11-11,47.68804961076101
2023-11-12,43.968963416613065
2023-11-13,43.61020013761747
2023-11-14,52.30090010866958
2023-11-15,38.405568652678795
2023-11-16,46.411740657560934
2023-11-17,42.20905850019394
2023-11-18,43.420443014205986
2023-11-19,49.875311018133
2023-11-20,44.9295954998654
2023-11-21,45.241266975387475
2023-11-22,48.07357605145539
2023-11-23,41.04937176072334
2023-11-24,38.842986163560326
2023-11-25,37.981649925493784
2023-11-26,33.54229538061974
2023-11-27,53.825175668710315
2023-11-28,38.19979686696748
2023-11-29,42.7828634796485
2023-11-30,42.67990899354118
2023-12-01,45.77736017922653
2023-12-02,48.49682711359337
2023-12-03,48.899741445098954
2023-12-04,41.862593362353934
2023-12-05,44.124306738440325
2023-12-06,46.556032219468996
2023-12-07,44.084130230447165
2023-12-08,53.54995683136249
2023-12-09,48.1548896032571
2023-12-10,49.5622852427319
2023-12-11,49.39123214191647
2023-12-12,52.13412472529749
2023-12-13,47.362744862024115
2023-12-14,40.165262506757124
2023-12-15,48.84050201903855
2023-12-16,43.778723675769356
2023-12-17,44.58662728735605
2023-12-18,50.35644058017215
2023-12-19,53.8116032351943
2023-12-20,47.92272092223414
2023-12-21,49.55726101844029
2023-12-22,56.7214111740676
2023-12-23,49.61180009411837
2023-12-24,61.61455429999063
2023-12-25,51.632147692039524
2023-12-26,40.19955191547656
2023-12-27,52.969094796403546
2023-12-28,51.3074034713594
2023-12-29,56.04975313363828
2023-12-30,53.16637593451743
2023-12-31,49.307720080081126
